"","Timing...First.Click","Timing...First.Click.1","Timing...First.Click.2","Timing...First.Click.3","Timing...First.Click.4","Timing...First.Click.5","Timing...First.Click.6","Timing...First.Click.7","Timing...First.Click.8","Timing...First.Click.9","Timing...First.Click.10","Timing...First.Click.11","Timing...First.Click.12","Timing...First.Click.13","Timing...First.Click.14","Timing...First.Click.15","Timing...First.Click.16","Timing...First.Click.17","Timing...First.Click.18","Timing...First.Click.19","Timing...First.Click.20","Timing...First.Click.21","Timing...First.Click.22","Timing...First.Click.23","Timing...First.Click.24","Timing...First.Click.25","Timing...First.Click.26","Timing...First.Click.27","Timing...First.Click.28","Timing...First.Click.29","Timing...First.Click.30","Timing...First.Click.31","Timing...First.Click.32","Timing...First.Click.33","Timing...First.Click.34","Timing...First.Click.35","Timing...First.Click.36","Timing...First.Click.37","Timing...First.Click.38","Timing...First.Click.39","Timing...First.Click.40","Timing...First.Click.41","Timing...First.Click.42","Timing...First.Click.43","Timing...First.Click.44","Timing...First.Click.45","Timing...First.Click.46","Timing...First.Click.47","Timing...First.Click.48","Timing...First.Click.49","Timing...First.Click.50","Timing...First.Click.51","Timing...First.Click.52","Timing...First.Click.53","Timing...First.Click.54","Timing...First.Click.55","Timing...First.Click.56","Timing...First.Click.57","Timing...First.Click.58","Timing...First.Click.59","Timing...First.Click.60","Timing...First.Click.61","Timing...First.Click.62","Timing...First.Click.63","Timing...First.Click.64","Timing...First.Click.65","Timing...First.Click.66","Timing...First.Click.67","Timing...First.Click.68","Timing...First.Click.69","Timing...First.Click.70","Timing...First.Click.71","Timing...First.Click.72","Timing...First.Click.73","Timing...First.Click.74","Timing...First.Click.75"
"1","{""ImportId"":""QID93_FIRST_CLICK""}","{""ImportId"":""QID94_FIRST_CLICK""}","{""ImportId"":""QID95_FIRST_CLICK""}","{""ImportId"":""QID96_FIRST_CLICK""}","{""ImportId"":""QID97_FIRST_CLICK""}","{""ImportId"":""QID98_FIRST_CLICK""}","{""ImportId"":""QID99_FIRST_CLICK""}","{""ImportId"":""QID100_FIRST_CLICK""}","{""ImportId"":""QID101_FIRST_CLICK""}","{""ImportId"":""QID102_FIRST_CLICK""}","{""ImportId"":""QID103_FIRST_CLICK""}","{""ImportId"":""QID104_FIRST_CLICK""}","{""ImportId"":""QID105_FIRST_CLICK""}","{""ImportId"":""QID106_FIRST_CLICK""}","{""ImportId"":""QID107_FIRST_CLICK""}","{""ImportId"":""QID108_FIRST_CLICK""}","{""ImportId"":""QID109_FIRST_CLICK""}","{""ImportId"":""QID110_FIRST_CLICK""}","{""ImportId"":""QID111_FIRST_CLICK""}","{""ImportId"":""QID112_FIRST_CLICK""}","{""ImportId"":""QID113_FIRST_CLICK""}","{""ImportId"":""QID114_FIRST_CLICK""}","{""ImportId"":""QID115_FIRST_CLICK""}","{""ImportId"":""QID116_FIRST_CLICK""}","{""ImportId"":""QID117_FIRST_CLICK""}","{""ImportId"":""QID118_FIRST_CLICK""}","{""ImportId"":""QID119_FIRST_CLICK""}","{""ImportId"":""QID120_FIRST_CLICK""}","{""ImportId"":""QID173_FIRST_CLICK""}","{""ImportId"":""QID121_FIRST_CLICK""}","{""ImportId"":""QID122_FIRST_CLICK""}","{""ImportId"":""QID123_FIRST_CLICK""}","{""ImportId"":""QID124_FIRST_CLICK""}","{""ImportId"":""QID125_FIRST_CLICK""}","{""ImportId"":""QID126_FIRST_CLICK""}","{""ImportId"":""QID127_FIRST_CLICK""}","{""ImportId"":""QID128_FIRST_CLICK""}","{""ImportId"":""QID129_FIRST_CLICK""}","{""ImportId"":""QID130_FIRST_CLICK""}","{""ImportId"":""QID176_FIRST_CLICK""}","{""ImportId"":""QID131_FIRST_CLICK""}","{""ImportId"":""QID132_FIRST_CLICK""}","{""ImportId"":""QID133_FIRST_CLICK""}","{""ImportId"":""QID134_FIRST_CLICK""}","{""ImportId"":""QID135_FIRST_CLICK""}","{""ImportId"":""QID136_FIRST_CLICK""}","{""ImportId"":""QID137_FIRST_CLICK""}","{""ImportId"":""QID138_FIRST_CLICK""}","{""ImportId"":""QID139_FIRST_CLICK""}","{""ImportId"":""QID140_FIRST_CLICK""}","{""ImportId"":""QID141_FIRST_CLICK""}","{""ImportId"":""QID142_FIRST_CLICK""}","{""ImportId"":""QID143_FIRST_CLICK""}","{""ImportId"":""QID144_FIRST_CLICK""}","{""ImportId"":""QID145_FIRST_CLICK""}","{""ImportId"":""QID146_FIRST_CLICK""}","{""ImportId"":""QID147_FIRST_CLICK""}","{""ImportId"":""QID148_FIRST_CLICK""}","{""ImportId"":""QID149_FIRST_CLICK""}","{""ImportId"":""QID150_FIRST_CLICK""}","{""ImportId"":""QID151_FIRST_CLICK""}","{""ImportId"":""QID152_FIRST_CLICK""}","{""ImportId"":""QID153_FIRST_CLICK""}","{""ImportId"":""QID154_FIRST_CLICK""}","{""ImportId"":""QID156_FIRST_CLICK""}","{""ImportId"":""QID157_FIRST_CLICK""}","{""ImportId"":""QID158_FIRST_CLICK""}","{""ImportId"":""QID159_FIRST_CLICK""}","{""ImportId"":""QID160_FIRST_CLICK""}","{""ImportId"":""QID161_FIRST_CLICK""}","{""ImportId"":""QID168_FIRST_CLICK""}","{""ImportId"":""QID163_FIRST_CLICK""}","{""ImportId"":""QID164_FIRST_CLICK""}","{""ImportId"":""QID165_FIRST_CLICK""}","{""ImportId"":""QID166_FIRST_CLICK""}","{""ImportId"":""QID167_FIRST_CLICK""}"
"2","","","","","","","","","","","","","","","","","","","","","","","","","","","","","","","","","","","","","","","","","","","","","","","","","","","","","","","","","","","","","","","","","","","","","","","","","","","",""
"3","4.209","0.855","0.775","3.686","1.663","4.127","1.966","2.362","1.935","2.235","3.937","1.557","1.887","2.701","3.013","2.344","1.244","1.399","1.539","4.337","2.667","1.432","1.163","1.165","1.295","0.959","1.229","1.113","6.244","1.72","1.878","0.929","0.932","1.431","0.931","2.225","1.537","1.113","1.558","6.16","3.429","1.194","0.485","1.189","0.975","1.119","0.945","0.806","0.791","1.181","0.987","1.158","1.314","0.913","1.236","0.8","11.476","2.139","6.365","1.562","9.625","1.957","7.093","2.574","6.267","1.192","5.54","0.612","3.565","1.315","4.897","0.581","7.352","0.611","5.064","0.653"
"4","2.601","1.963","1.541","3.332","1.675","5.168","1.744","2.389","1.825","1.5","3.613","1.8","2.334","2.542","2.277","5.651","1.988","2.581","1.587","2.092","4.893","2.637","1.837","1.807","3.073","4.513","2.022","1.267","1.71","2.293","1.682","1.161","2.218","1.472","1.573","1.343","1.557","4.832","1.507","2.782","4.925","8.848","5.032","5.512","6.23","5.85","5.891","23.025","3.924","3.971","3.809","5.713","2.651","5.866","3.945","3.694","25.01","2.083","12.516","1.074","15.526","0.706","10.296","0.566","14.739","2.682","10.163","0.396","13.791","0.684","14.702","0.792","26.729","0.582","16.142","0.532"
"5","5.632","2.659","2.267","3.302","1.422","7.493","2.111","3.993","2.322","1.873","4.356","3.262","1.733","1.6","1.981","2.921","7.281","1.554","1.95","3.051","5.274","2.955","2.059","1.773","3.116","3.245","2.655","2.803","4.587","3.54","5.275","2.4","2.056","1.224","2.066","3.189","1.132","1.438","1.147","1.463","3.123","5.373","3.173","3.744","4.128","5.283","5.358","2.795","4.99","2.777","4.765","2.282","3.934","1.601","2.961","1.989","19.191","1.754","12.912","0.942","13.338","1.308","10.071","0.928","15.615","0.982","9.247","1.118","24.245","1.672","1.49","1.058","0.043","0.817","12.331","1.255"
"6","4.074","2.531","1.837","3.703","2.169","3.93","3.15","2.229","3.21","1.879","6.073","2.144","1.875","2.7","2.251","2.718","2.236","1.364","2.446","3.549","5.741","2.849","1.841","2.962","1.854","1.82","2.423","2.511","3.632","3.426","2.698","4.101","3.666","1.941","2.642","2.331","2.493","2.259","1.684","4.241","3.636","6.886","5.433","4.543","4.531","2.549","5.529","4.388","10.193","3.393","5.353","2.864","2.075","4.638","6.845","4.273","21.252","2.587","17.499","4.804","19.13","1.928","15.681","2.234","24.311","1.603","11.204","1.518","19.285","1.258","12.381","1.781","13.27","2.193","14.639","1.193"
"7","3.474","1.9","0.935","2.814","1.543","4.254","2.594","2.728","3.696","1.609","1.956","1.435","3.345","2.421","1.529","2.245","2.032","1.834","1.478","3.137","4.539","2.363","2.234","1.708","1.923","2.66","2.355","2.736","4.435","2.616","1.861","1.362","2.487","1.711","1.639","1.413","1.73","1.887","1.375","2.774","5.429","11.077","4.031","4.281","5.427","3.02","4.148","10.428","5.617","4.549","4.158","3.592","3.066","2.859","3.217","4.519","16.432","2.714","14.866","2.069","13.118","2.161","10.755","2.936","17.442","1.798","13.726","3.048","17.285","0.902","22.32","2.586","15.692","1.825","9.394","1.853"
"8","5.193","3.506","1.889","3.166","1.371","4.327","1.61","2.988","3.743","1.166","2.522","1.56","2.162","3.499","1.73","2.3","1.603","3.787","1.274","1.769","4.51","2.787","1.885","3.007","2.594","2.33","2.11","1.339","5.178","2.059","2.09","2.383","1.733","1.937","1.292","1.434","1.908","1.709","1.43","4.053","5.023","7.044","5.46","3.873","3.277","4.432","5.853","5.668","4.437","4.701","3.3","2.363","13.087","4.045","2.852","5.42","33.266","3.231","14.995","1.72","12.635","2.055","8.707","2.145","22.595","1.711","8.467","2.056","13.356","1.626","15.554","2.565","9.595","1.128","8.607","1.894"
"9","3.071","2.552","2.736","2.392","2.452","3.617","2.142","2.4","3.035","2.156","3.825","2.795","1.301","2.347","3.188","3.616","2.349","2.311","2.293","3.128","3.053","1.475","1.374","1.173","1.107","1.381","1.263","1.392","5.249","2.181","2.132","1.967","3.49","1.887","2.686","3.33","2.632","1.72","1.942","3.53","4.58","10.061","3.927","4.379","4.73","3.859","5.533","3.725","4.546","2.29","4.795","5.494","4.429","4.634","4.895","5.953","20.146","2.561","18.506","1.588","16.394","0.9","11.151","1.279","11.761","0.8","14.968","1.665","14.943","1.094","14.706","1.234","9.778","2.113","14.626","1.502"
"10","3.763","1.767","1.562","0.426","0.559","0.176","1.678","0.374","1.097","0.44","2.218","0.942","1.698","2.487","2.981","0.969","3.857","0.435","1.48","3.814","4.116","1.779","2.708","2.291","3.977","1.829","2.997","1.999","0.657","3.716","1.23","1.324","1.945","2.302","1.438","1.374","1.156","2.231","17.991","3.228","5.386","7.985","0.218","0.447","3.519","0.941","6.165","3.316","1.309","1.473","0.355","2.729","5.452","1.419","0.761","0.388","1.338","2.185","0.753","1.176","0.295","0.503","0.567","1.452","0.395","1.476","0.601","0.59","0.512","0.709","0.186","0.57","1.481","0.201","6.671","0.333"
"11","4.491","12.366","5.616","3.101","2.307","4.407","2.592","3.792","3.677","2.385","4.011","2.063","0.157","3.659","2.271","3.189","2.313","2.993","1.821","7.875","6.901","3.778","3.658","1.837","2.777","2.855","3.178","2.34","2.331","5.861","2.65","1.995","2.45","1.803","2.472","5.95","2.167","2.669","2.08","1.568","3.854","7.46","4.74","11.943","5.206","3.657","5.238","2.301","3.383","2.896","5.426","2.472","6.036","7.155","3.827","3.675","19.228","1.76","18.817","2.092","19.144","1.397","2.737","1.166","14.169","0.958","10.017","0.889","2.076","0.979","18.028","1.257","14.54","0.914","1.184","1.905"
"12","6.658","4.06","3.496","3.428","2.016","2.115","2.808","2.531","3.515","2.288","4.252","1.87","4.731","1.966","2.26","2.036","2.33","1.871","1.557","3.349","2.379","2.393","1.604","3.058","6.208","2.285","2.069","1.662","12.68","3.482","1.832","1.428","3.259","1.558","2.871","2.143","1.702","2.394","5.493","8.318","6.65","7.193","3.584","3.668","5.171","3.393","5.81","3.477","6.775","3.157","3.958","4.278","4.232","5.035","2.969","2.285","22.426","2.377","17.891","3.505","16.055","1.809","10.446","2.658","13.958","1.536","13.372","1.759","11.326","2.624","11.339","1.662","15.016","1.821","12.68","1.485"
"13","3.739","2.764","3.141","3.632","2.266","3.219","2.735","2.823","4.096","1.96","3.223","1.939","2.594","1.837","1.926","1.674","1.509","2.186","1.801","4.138","5.201","2.256","1.896","3.256","2.168","1.627","2.006","1.763","4.525","4.866","1.648","2.042","2.251","2.046","5.162","3.352","3.546","1.615","1.525","5.415","6.376","7.709","3.218","5.859","4.199","5.014","5.487","3.595","2.688","5.982","5.571","29.227","2.733","4.412","4.902","3.784","27.301","2.42","20.267","1.862","25.256","2.301","14.737","2.877","13.235","2.882","14.357","1.623","20.124","1.933","13.27","1.712","12.963","1.898","14.273","2.172"
"14","1.693","2.69","1.191","7.344","4.249","3.767","3.37","7.366","3.693","3.298","2.814","1.449","1.243","1.578","1.474","1.397","2.274","1.409","1.946","0.545","2.464","1.412","1.911","3.825","1.713","2.484","1.45","2.435","1.725","3.491","1.498","1.238","1.796","1.594","1.239","1.762","1.028","1.588","1.248","2.151","4.604","1.449","3.298","6.33","4.43","3.37","2.795","2.328","2.148","2.194","1.768","2.047","1.78","2.899","3.414","3.514","20.535","2.367","19.908","1.767","5.097","0.945","4.373","0.418","21.176","1.471","0.944","1.405","19.454","1.268","16.45","0.942","1.336","0.727","15.711","1.431"
"15","8.424","0.544","0.275","11.902","9.127","3.766","2.411","3.448","4.118","2.379","2.893","9.55","12.603","3.344","2.996","3.832","1.686","2.476","3.669","8.191","6.103","2.392","2.657","0.809","5.715","2.422","0.717","0.895","5.846","3.402","2.322","1.494","1.077","1.601","2.901","2.556","0.485","0.695","0.698","1.391","3.459","0.426","1.444","0.595","2.964","0.638","1.112","2.424","0.594","2.996","0.656","1.619","1.25","0.637","1.102","1.194","40.585","2.423","11.615","0.96","6.981","5.135","0.589","1.326","2.959","1.69","13.075","0.506","0.742","1.268","1.064","0.51","85.845","22.135","6.976","1.735"
"16","0.649","2.979","0.685","4.662","3.789","3.19","2.331","3.629","3.485","2.005","3.183","1.626","1.72","4.327","2.654","3.906","2.575","1.967","1.542","2.453","4.665","1.922","1.415","0.823","1.337","0.655","0.502","1.682","12.468","4.721","3.098","1.574","3.438","3.183","2.33","2.477","3.265","0.474","12.732","6.654","6.91","9.382","6.087","5.199","7.048","0.507","6.947","4.73","6.322","4.695","0.283","0.39","0.347","5.291","0.269","3.47","48.559","3.456","0.194","0.502","12.844","0.604","0.134","0.578","16.2","0.56","2.866","0.415","16.88","2.521","0.349","1.066","14.874","0.081","0.595","2.455"
"17","5.312","3.575","2.458","6.175","2.495","3.302","2.095","2.679","4.758","2.168","3.844","8.335","1.988","6.193","2.334","3.803","2.553","3.098","2.184","8.274","7.43","6.041","2.811","3.575","2.466","2.577","2.756","2.357","10.37","4.149","2.869","2.441","2.23","3.374","3.116","2.686","2.368","2.04","3.035","5.483","4.435","13.212","4.489","5.016","4.299","10.755","6.591","4.706","5.045","5.917","6.946","5.777","7.165","11.277","5.142","4.85","23.177","2.362","19.239","2.267","20.154","1.359","13.049","1.79","13.829","0.67","18.61","1.381","27.691","1.1","26.318","1.22","14.135","5.674","19.472","0.605"
"18","3.274","3.165","2.541","3.806","3.159","4.233","1.803","2.598","3.368","3.033","3.944","1.798","1.62","3.452","1.928","2.364","2.207","2.409","2.314","4.384","4.725","2.608","2.333","4.198","2.784","1.761","1.997","2.275","5.977","3.307","2.378","2.267","4.742","8.259","2.621","2.205","2.621","6.655","3.356","3.84","6.083","10.092","4.39","4.894","4.795","6.607","10.256","5.271","4.858","5.924","6.589","4.94","6.302","5.352","4.654","6.484","25.949","3.062","25.035","2.54","25.314","1.33","14.049","1.836","13.171","1.464","14.775","1.738","23.686","1.771","16.782","1.008","21.319","2.488","15.607","1.196"
"19","10.306","2.585","0.947","4.874","2.349","4.381","1.589","1.485","1.128","3.539","2.641","1.962","1.498","2.856","9.559","3.505","1.7","0.856","1.294","8.273","8.648","4.137","3.086","1.193","3.588","2.149","2.2","1.975","10.343","3.972","2.982","2.519","2.347","3.426","4.434","3.342","2.601","1.858","2.739","12.208","3.378","1.013","1.718","1.372","2.746","7.653","3.212","1.625","1.347","1.791","0.721","13.182","1","0.961","1.058","0.867","26.3","7.269","26.543","3.615","44.555","3.104","19.236","1.903","13.521","3.247","9.794","2.438","1.848","2.006","19.962","1.413","17.22","2.824","13.955","1.681"
"20","5.05","4.312","4.295","5.332","2.286","2.67","2.368","2.031","3.057","2.849","4.732","2.197","2.284","11.036","2.858","3.381","2.396","3.722","1.789","5.149","4.946","2.832","1.624","3.168","1.906","1.785","0.648","4.191","7.37","2.688","1.372","0.917","1.338","0.908","1.008","6.623","2.476","1.99","1.053","2.918","6.622","7.014","2.199","3.085","3.4","3.681","4.597","4.628","5.043","1.998","3.066","3.213","11.473","2.206","3.979","3.149","1.428","3.036","17.465","1.632","19.803","9.258","12.849","1.578","28.559","0.527","19.269","0.655","48.498","0.342","10.879","0.543","12.418","0.852","13.526","1.065"
"21","3.575","3.135","3.073","3.784","1.899","4.014","1.374","2.298","3.292","7.19","3.428","2.087","2.991","3.273","2.605","2.069","2.035","1.748","1.719","1.49","5.836","3.226","1.745","3.144","2.95","2.963","2.095","6.084","2.507","2.98","2.516","2.41","3.522","2.178","2.847","3.263","2.343","1.561","1.81","6.411","17.827","7.991","4.904","6.581","3.25","2.768","5.083","2.619","2.878","4.2","4.179","2.994","5.811","11.279","3.638","3.648","34.015","2.407","17.851","1.269","18.862","1.477","12.048","2.013","11.979","0.963","13.232","2.249","27.8","1.235","23.096","1.231","10.394","1.539","17.804","1.067"
"22","2.127","2.661","1.475","4.045","1.888","3.428","2.43","0.843","3.268","1.757","3.459","1.435","2.338","4.207","2.308","2.816","2.356","2.645","1.485","4.137","9.265","1.81","2.261","1.39","1.383","1.253","1.326","1.182","7.586","2.95","1.843","1.469","1.064","4.585","2.355","1.211","2.595","2.134","1.53","1.095","2.367","8.132","4.099","6.695","6.302","3.377","5.872","3.404","1.619","2.502","3.307","9.516","6.728","4.67","4.992","3.042","1.765","3.902","7.656","1.571","0.978","3.837","5.049","2.049","0.964","2.182","1.478","2.22","18.168","1.722","10.877","2.168","22.53","2.221","3.978","2.321"
"23","2.924","2.983","2.82","2.773","3.131","5.307","1.793","0.793","4.014","2.501","3.984","2.229","1.972","8.801","3.243","5.233","3.146","2.681","2.556","3.772","5.247","4.083","2.41","3.101","3.96","10.53","3.619","6.942","8.007","2.585","3.06","2.737","3.155","3.113","3.891","3.213","0.008","3.427","3.661","6.042","3.513","8.145","3.694","13.067","3.323","0.781","5.673","4.629","5.332","12.869","4.22","3.431","4.998","3.6","7.132","4.763","23.099","3.07","17.919","2.845","14.937","3.276","9.502","1.412","14.031","1.72","8.463","1.19","12.737","2.694","20.623","1.422","12.685","1.062","14.688","1.342"
"24","13.277","12.835","2.373","10.456","6.112","10.457","6.794","1.312","2.245","1.592","8.654","4.23","4.11","2.259","1.438","10.733","1.449","1.956","4.292","2.318","19.08","3.39","1.428","1.512","2.676","2.648","7.005","5.647","2.751","20.441","1.534","8.45","2.099","1.252","1.404","1.96","1.397","1.993","1.443","1.625","10.727","12.044","12.196","2.402","5.082","5.057","4.837","2.454","4.496","1.745","3.145","3.046","2.796","1.968","2.403","2.322","26.242","4.785","29.266","8.511","17.428","0.915","22.602","1.076","16.804","0.523","21.956","0.898","38.051","0.782","9.433","1.737","10.169","5.99","19.835","1.172"
"25","4.071","3.084","2.189","6.427","4.609","5.34","2.674","3.461","4.701","2.707","3.61","2.895","2.153","4.052","2.584","4.024","3.039","2.103","2.052","3.85","5.368","5.165","3.191","3.774","3.611","3.558","5.55","4.07","3.729","2.24","4.526","3.832","3.178","2.689","3.16","2.491","2.545","4.427","8.322","3.832","4.403","17.362","7.159","5.961","5.822","7","6.85","6.658","6.751","6.913","8.874","4.044","6.145","6.269","4.587","5.677","35.795","2.461","26.76","1.387","29.098","2.638","16.534","1.543","17.158","2.033","19.905","1.256","25.778","2.086","19.094","0.815","19.295","0.587","26.059","1.34"
"26","5.084","3.77","2.79","4.607","4.366","5.445","3.908","4.496","3.349","2.596","4.576","3.298","3.239","3.778","2.541","3.296","4.171","5.204","3.033","5.311","5.977","2.701","2.183","3.734","3.364","2.277","3.675","5.119","5.917","3.141","3.067","4.435","2.432","3.052","2.766","4.402","3.566","2.953","2.937","7.623","7.077","9.276","5.343","6.912","7.101","5.113","8.95","6.183","5.656","6.016","7.477","5.347","5.874","6.378","7.014","4.145","26.137","6.069","21.712","4.158","19.434","2.744","14.859","2.315","14.729","1.463","26.279","3.626","23.898","2.225","23.035","2.639","16.311","0.966","16.724","1.783"
"27","5.501","2.377","6.759","8.117","2.102","4.57","1.647","3.627","1.955","1.493","3.283","4.78","4.736","2.634","6.147","2.612","2.501","2.401","1.287","1.479","11.498","2.655","1.912","2.565","1.931","3.042","2.393","2.299","1.923","4.382","3.307","1.304","1.772","2.179","1.67","2.172","1.587","2.523","1.877","9.636","5.284","9.705","7.111","5.829","11.22","5.788","10.333","6.985","7.737","4.277","10.15","3.029","6.407","4.913","6.994","4.567","30.264","2.706","23.275","2.377","24.328","2.685","14.415","1.931","14.386","1.077","21.88","0.501","46.485","1.286","42.561","1.302","10.397","2.052","18.393","0.625"
"28","3.34","3.749","4.611","4.892","6.063","3.674","1.967","3.818","3.757","3.035","5.6","3.412","2.343","3.915","3.062","2.984","2.67","1.906","2.994","5.601","6.198","4.591","10.312","11.024","5.085","3.226","3.31","2.608","22.304","2.618","2.456","1.998","3.089","2.311","2.001","2.426","2.386","2.173","1.175","8.858","4.476","39.792","6.526","5.655","7.457","4.519","7.68","4.999","9.034","9.27","6.583","4.121","5.484","3.694","0.8","10.073","33.201","2.464","18.934","2.655","32.685","2.46","15.79","1.143","16.323","1.295","14.041","1.614","25.328","2.892","26.434","2.02","16.94","0.475","22.724","0.482"
"29","8.415","3.833","4.637","8.534","2.854","8.203","4.648","3.294","3.351","2.582","3.859","3.983","3.234","6.394","3.259","4.601","2.383","3.188","2.323","8.586","6.172","1.744","3.236","1.978","4.108","2.023","2.98","2.546","7.998","4.969","1.919","2.839","3.287","2.763","1.523","4.922","1.702","1.997","1.7","10.124","7.956","18.96","7.789","7.79","8.026","10.056","12.73","10.413","10.039","9.287","7.798","5.63","8.861","9.579","4.344","3.802","33.363","3.853","41.968","3.396","20.025","2.819","32.419","1.085","17.757","1.75","15.54","4.121","26.614","1.019","20.556","0.479","15.939","1.017","24.224","2.592"
"30","7.9","3.984","3.39","5.146","2.135","4.666","2.921","3.919","5.352","1.962","3.6","1.834","3.741","5.257","3.503","5.037","2.571","2.338","2.235","1.962","5.524","2.542","3.118","4.472","3.589","2.658","3.213","3.653","1.295","2.292","2.352","2.428","2.962","2.055","1.888","1.618","1.992","2.397","1.457","1.651","6.944","9.129","6.76","7.994","4.875","3.922","9.892","4.693","5.378","4.153","6.338","6.165","6.197","5.577","4.895","6.361","30.321","4.998","2.875","1.604","2.703","1.152","17.661","1.355","15.712","1.169","13.572","0.675","2.688","1.492","16.219","0.68","18.337","0.873","2.307","0.876"
"31","3.844","4.42","5.017","6.901","2.143","2.885","3.9","0.967","1.517","0.898","2.798","5.325","3.164","4.762","0.83","0.977","3.73","3.531","1.052","5.645","10.899","4.877","2.206","2.883","0.818","0.736","0.82","2.301","6.272","3.845","0.967","0.995","2.861","2.111","3.33","0.841","1.521","1.344","2.176","15.11","34.692","14.143","4.755","12.713","8.025","9.892","7.679","6.334","8.418","0.696","4.687","4.258","1.104","11.532","0.937","4.361","34.247","4.6","16.299","1.301","32.494","1.785","15.383","2.396","13.19","0.998","14.093","0.829","20.046","0.89","82.719","0.852","10.394","0.924","16.9","0.8"
"32","4.24","5.261","4.648","6.023","4.426","4.931","3.224","3.569","6.104","3.594","6.036","3.943","2.396","7.19","3.165","5.826","2.501","3.577","3.582","2.099","7.317","3.577","4.273","5.753","7.347","2.513","3.568","4.074","14.54","2.248","2.931","2.512","2.929","4.201","1.833","3.398","2.608","2.259","1.868","2.562","24.449","12.865","5.415","7.359","8.121","7.385","0.971","6.646","6.7","6.136","6.1","7.777","8.548","6.073","13.162","8.162","38.31","4.187","45.971","3.756","40.693","3.139","20.682","2.071","35.956","1.434","23.133","1.777","25.274","4.053","25.515","1.75","27.625","1.687","31.655","2.13"
"33","2.359","2.205","1.381","3.392","1.244","3.639","3.07","3.59","76.224","1.362","2.427","1.834","1.415","2.608","1.668","2.268","2.015","1.543","1.606","1.727","3.006","2.48","1.6","4.121","2.165","2.041","1.983","1.041","3.503","2.601","3.479","0.062","2.483","2.409","1.701","2.374","1.629","1.783","1.89","4.221","2.049","0.771","2.025","4.953","3.034","1.456","1.198","1.564","3.151","1.863","5.251","6.153","0.641","4.26","6.01","4.348","5.847","1.913","17.343","0.53","1.219","0.385","84.601","0.712","5.29","0.787","1.28","0.523","0.694","0.528","4.463","1.017","0.507","0.987","1.102","0.791"
"34","3.752","103.279","2.328","10.696","1.601","2.945","2.301","2.917","3.129","2.684","3.811","2.946","1.812","3.526","1.943","2.746","4.002","2.601","1.86","5.649","5.259","1.905","2.712","5.838","8.658","2.811","3.473","3.197","10.957","7.854","4.594","1.774","4.061","5.222","3.048","2.401","2.074","2.695","2.277","9.035","5.565","14.197","5.522","8.412","6.582","3.919","5.515","5.742","6.851","3.225","5.079","5.517","7.028","6.796","2.518","6.352","30.707","2.293","15.759","1.218","22.557","1.367","9.883","1.2","27.861","0.853","19.746","0.627","23.204","1.478","92.656","1.349","31.04","0.596","13.986","1.675"
"35","6.467","3.556","2.33","3.04","1.965","2.337","1.707","2.945","3.661","2.15","3.62","1.531","2.028","5.089","1.668","3.676","3.402","2.228","1.584","6.873","9.167","3.666","3.982","4.717","3.054","2.536","2.982","3.473","17.109","2.512","4.077","1.784","2.943","2.347","2.285","2.156","1.882","2.185","5.788","9.302","4.971","15.6","5.022","6.833","8.3","5.962","8.626","4.831","7.524","5.588","6.597","14.882","8.138","5.464","4.744","3.79","22.711","2.436","21.615","1.828","26.523","3.945","12.778","1.963","51.198","0.626","14.843","1.846","20.217","1.82","38.93","1.11","14.807","1.667","20.091","0.944"
"36","6.491","7.13","4.544","4.901","5.445","5.773","3.662","4.199","4.255","2.488","3.928","3.671","2.608","4.565","2.787","4.071","4.146","2.886","1.585","5.807","6.463","3.632","1.85","1.837","2.221","2.832","3.578","2.425","8.662","2","3.003","1.28","3.249","2.272","1.967","5.202","2.588","2.768","4.236","12.163","5.21","18.505","7.238","6.19","10.373","7.303","9.589","5.927","7.27","6.515","8.191","4.935","23.061","9.492","5.433","3.994","28.261","3.054","19.307","3.331","24.277","1.18","22.391","2.309","15.582","1.018","21.431","2.247","28.501","1.714","17.158","0.808","12.229","0.936","18.386","2.259"
"37","4.229","2.282","3.655","4.278","3.468","3.475","2.223","2.172","4.523","1.801","3.348","1.517","2.46","1.68","12.002","1.585","2.29","1.194","1.424","1.814","5.434","2.624","3.938","6.474","3.414","1.817","2.622","3.113","4.075","4.489","2.221","3.485","9.892","2.389","1.848","7.939","2.356","5.392","19.011","18.977","7.657","16.174","5.032","7.853","11.138","5.453","9.697","4.922","4.858","5.654","6.3","7.148","6.125","8.183","6.657","6.316","44.145","4.63","22.806","1.56","33.971","2.586","24.239","1.73","47.773","1.043","26.898","0.954","35.709","2.455","31.373","1.398","13.238","2.203","31.612","1.426"
"38","4.268","1.907","3.681","3.629","1.613","1.973","1.502","3.282","1.554","1.961","1.786","1.404","1.777","1.464","3.46","4.215","2.184","2.42","1.583","1.868","5.33","6.626","1.839","2.394","1.601","0.901","1.06","1.204","7.606","1.949","2.646","2.365","2.525","2.292","1.923","1.809","1.702","2.926","1.552","7.641","12.974","13.778","3.8","5.613","4.489","3.998","5.07","2.447","15.517","11.324","5.918","6.126","7.019","4.718","4.852","4.278","5.36","2.866","5.738","1.775","37.843","0.877","9.827","1.934","16.306","1.83","18.643","0.594","12.043","2.277","38.014","1.557","10.551","1.036","13.836","1.562"
"39","2.603","1.896","1.911","4.674","5.281","4.741","3.175","3.522","5.935","2.079","36.227","5.125","3.096","3.582","1.862","5.981","2.965","1.994","34.48","6.052","5.457","16.728","2.407","3.426","2.815","2.184","5.184","4.045","2.73","3.786","2.503","33.171","3.603","2.731","2.07","4.522","1.373","62.835","1.76","10.653","3.419","6.113","4.063","8.401","7.05","5.477","6.234","3.992","7.7","3.028","5.428","5.587","6.144","4.207","5.035","3.1","22.24","2.6","20.082","2.298","27.282","0.8","14.169","4.217","15.955","0.846","14.779","2.187","21.545","2.731","20.027","2.943","229.458","3.21","13.466","1.135"
"40","14.107","4.673","5.338","6.004","2.094","3.457","2.876","3.71","4.617","2.977","4.313","1.735","1.659","3.437","4.856","5.084","2.148","2.942","2.431","1.94","7.082","2.977","2.111","5.594","6.045","2.473","5.266","2.972","3.431","4.075","3.391","3.088","4.94","2.248","2.404","2.422","1.863","5.058","1.354","5.625","12.623","18.45","10.139","6.01","18.837","5.998","8.656","6.17","7.543","10.003","6.162","4.505","13.998","5.046","4.115","3.664","28.465","2.378","24.429","0.956","17.064","2.399","19.809","0.819","35.088","0.597","21.06","0.664","19.855","0.821","18.071","1.217","10.661","0.56","15.818","0.806"
"41","5.435","4.305","2.018","7.706","2.754","5.286","2.359","5.464","2.832","2.708","4.165","3.157","2.569","11.236","3.855","6.658","8.7","1.87","1.945","4.508","8.972","3.339","2.644","4.784","3.071","3.371","3.423","3.626","9.825","3.553","2.587","2.182","4.377","2.936","2.49","5.037","3.145","3.553","3.554","18.264","8.364","10.728","6.515","5.496","5.712","4.803","12.363","5.132","13.901","3.616","8.128","3.594","9.418","10.451","8.927","6.433","33.931","3.252","35.016","4.361","32.148","0.988","18.593","1.107","37.201","1.045","34.362","1.116","14.252","1.255","42.897","1.087","27.486","1.822","36.845","0.768"
"42","9.695","5.137","6.066","6.605","3.692","3.133","4.439","3.735","5.053","2.963","5.209","4.162","7.528","4.757","8.285","4.263","4.388","4.503","2.893","3.628","9.278","9.086","3.472","10.917","3.691","2.946","3.441","5.286","4.323","4.154","4.69","2.363","11.183","4.57","3.946","5.569","2.394","6.483","3.335","1.821","6.719","24.519","7.653","8.723","7.392","7.773","10.006","5.286","9.691","7.426","7.041","6.613","11.112","8.661","7.965","7.623","34.302","3.338","29.177","3.871","35.132","3.085","18.661","2.051","29.825","3.664","30.008","1.248","26.169","1.625","59.724","1.733","14.938","1.023","25.374","2.673"
"43","19.287","1.187","1.261","2.265","1.145","2.521","1.431","1.727","1.54","0.712","1.68","1.002","1.173","1.126","0.636","1.585","1.18","2.892","0.844","3.281","5.331","0.836","0.472","0.532","0.422","0.85","1.28","0.398","5.105","1.921","0.806","0.972","1.336","1.074","0.866","1.199","0.92","1.212","1.25","3.825","2.583","5.102","3.623","2.866","2.66","3.893","3.446","1.891","4.038","1.69","13.657","2.117","5.935","2.866","25.371","3.454","13.346","1.481","2.147","1.825","1.896","2.087","11.842","2.416","15.653","1.116","80.1","1.38","4.143","1.184","10.792","1.641","7.116","4.045","30.8","1.841"
"44","4.485","3.612","3.844","5.818","2.93","3.845","2.716","3.264","2.948","2.364","4.895","1.897","3.445","3.477","2.83","2.463","2.371","2.286","2.278","4.661","4.321","3.777","3.28","4.179","4.444","3.292","3.034","3.855","7.287","4.08","2.08","3.594","3.873","2.825","2.153","2.907","3.618","1.363","2.772","15.318","12.06","9.231","6.377","8.454","7.129","4.878","9.164","7.512","32.361","4.455","8.874","5.09","12.249","5.039","9.799","5.066","35.403","5.259","24.307","1.495","25.023","1.938","18.945","1.825","31.401","2.669","13.244","1.338","25.947","0.858","23.116","0.499","19.759","0.67","19.568","0.7"
"45","6.403","6.885","5.286","7.344","3.233","7.588","3.871","4.117","5.568","5.389","8.643","2.34","6.014","5.198","5.139","6.847","7.381","4.643","3.693","6.542","5.51","9.556","6.831","7.803","4.194","5.112","6.065","5.468","11.766","5.166","4.187","5.195","5.259","5.436","3.055","3.649","3.993","4.63","2.468","10.09","9.047","13.036","8.631","9.35","17.305","9.011","9.709","8.148","12.494","7.783","9.272","7.102","9.553","8.647","6.44","7.202","50.219","5.873","30.364","2.419","46.182","1.384","22.301","1.053","26.105","0.74","19.931","0.533","41.367","2.09","26.88","1.068","28.852","1.196","35.594","0.965"
"46","4.775","3.161","3.075","1.515","1.176","1.144","0.964","1.103","2.096","1.303","2.4","1.499","1.829","1.515","1.411","1.615","3.502","1.135","1.218","1.319","2.275","1.025","1.206","3.826","1.427","1.992","1.929","1.612","1.905","1.197","1.162","1.427","1.41","0.52","1.169","0.701","1.298","0.944","1.366","1.641","1.55","1.418","1.338","2.48","11.401","2.768","1.852","2.397","5.534","4.001","2.511","4.902","2.244","2.428","5.106","1.857","6.041","1.216","1.493","1.174","2.192","1.05","27.587","1.157","11.307","1.07","33.441","0.916","21.553","1.101","2.754","1.581","1.137","2.775","12.359","1.737"
"47","3.9","3.6","4.4","14.8","5","8","4","3.1","7.6","2.4","4.8","2.5","2.9","9.2","4","4.6","2.3","3.6","2.8","4.2","6","3.3","3.1","3.5","5.2","2.8","3.8","2.6","3.2","6.4","8.1","2.4","4.1","2.8","3.7","4.7","4.2","3","1.7","6.8","9.2","15.5","6.5","5.5","28.5","5.7","7.4","4.7","6.8","6.7","7.7","6.4","6.6","7.2","4.3","4.5","31.3","2.3","27.6","4.4","26.4","2.5","16.2","6.1","16.1","2.4","19.7","1.9","20","1.6","22","1.2","26.2","2.9","183.5","1.8"
"48","9.716","3.576","4.422","6.502","3.353","6.145","1.956","3.26","6.979","2.685","4.063","2.598","4.452","6.741","3.826","9.028","5.296","2.717","2.257","12.576","4.713","4.812","2.998","6.436","5.303","2.382","3.878","3.268","16.948","3.103","3.549","2.064","4.346","2.459","2.33","3.161","5.472","4.691","0.069","17.957","6.593","12.73","4.651","16.161","7.193","9.768","10.809","23.627","7.141","6.13","9.96","11.328","9.32","13.504","6.394","6.158","51.431","4.551","25.32","3.128","31.097","26.254","15.073","1.436","20.953","1.48","17.939","0.818","35.051","2.218","18.939","1.318","37.985","1.586","23.572","1.291"
"49","6.632","8.195","5.634","6.581","5.645","4.668","9.696","3.284","2.795","2.537","7.944","4.774","2.349","5.529","7.266","6.14","7.542","3.449","2.705","7.757","8.145","4.05","4.377","4.195","5.415","3.884","4.252","5.069","16.012","4.024","3.722","3.164","2.883","2.141","4.842","4.574","3.525","2.898","3.205","10.587","8.618","15.19","11.351","10.917","14.863","13.466","39.122","9.37","10.737","9.414","10.716","5.957","9.876","6.492","8.605","7.568","63.52","2.933","37.502","2.265","43.319","3.002","32.543","2.607","27.766","1.152","30.055","1.757","36.601","2.501","37.11","1.081","29.111","1.545","31.939","0.702"
"50","4.294","53.199","3.938","7.779","3.566","4.461","4.554","3.604","4.679","3.822","3.72","3.259","2.752","4.853","11.588","5.147","3.032","4.45","3","1.82","7.19","6.067","3.87","2.569","12.856","3.365","2.238","3.765","8.132","14.849","2.889","2.532","3.733","5.364","3.988","4.97","3.111","2.431","2.442","2.329","13.333","13.845","8.358","11.34","9.788","4.799","6.139","7.481","7.376","6.969","7.237","3.074","4.047","5.262","9.059","5.117","42.74","3.221","38.831","2.216","33.325","2.302","20.004","1.874","20.658","1.133","23.283","0.679","30.908","2.119","26.648","1.498","23.495","0.89","28.515","1.246"
"51","5.052","13.448","4.831","12.325","4.443","26.116","5.915","5.893","14.2","4.543","5.772","5.272","3.32","9.19","4.5","9.475","4.801","6.728","11.477","4.103","13.064","10.392","3.503","2.843","4.504","4.319","6.002","23.866","6.107","5.268","2.929","3.293","10.348","8.054","5.55","5.631","8.075","2.872","4.232","10.92","15.547","15.173","28.221","15.736","17.721","15.927","25.43","8.995","20.301","10.423","12.058","25.048","43.24","7.372","9.018","10.324","59.944","6.475","21.374","2.496","7.318","0.74","1.352","0.766","4.595","2.876","8.438","2.404","2.116","1.482","1.248","1.098","1.192","2.065","0.886","1.942"
"52","4.556","4.426","5.514","7.927","2.637","5.772","3.151","6.368","3.915","2.512","3.953","5.141","2.335","3.514","4.696","4.08","3","3.004","4.891","1.911","6.489","2.069","10.138","24.537","3.952","3.622","5.973","6.801","7.653","3.487","3.232","3.138","1.748","2.34","3.495","3.719","3.482","2.33","2.581","8.812","15.766","11.039","6.546","7.843","8.197","7.462","9.854","6.039","7.334","8.03","6.419","7.543","7.266","6.03","5.708","5.077","36.522","9.308","5.652","1.349","3.657","1.318","25.012","1.886","19.697","1.696","13.951","0.887","50.868","0.75","1.848","1.631","25.363","1.331","29.229","0.646"
"53","9.808","5.172","4.275","4.542","2.782","6.252","3.969","5.771","5.178","2.869","3.444","3.364","1.101","11.283","3.016","3.665","2.682","3.356","2.024","1.766","5.052","0.808","0.754","0.79","1.258","3.156","4.163","4.587","21.497","4.028","4.881","4.033","2.995","2.656","2.868","3.391","3.487","2.697","1.773","10.936","18.114","15.794","9.318","9.182","11.194","6.746","10.913","11.141","7.97","7.873","12.718","7.633","10.699","7.047","12.867","6.691","8.384","3.783","39.347","0.67","63.272","1.568","26.064","1.926","30.559","1.675","17.956","1.244","13.448","1.064","46.417","0.489","31.992","0.409","24.185","0.535"
"54","3.124","5.117","7.189","7.976","4.536","4.757","2.665","3.676","4.766","2.674","7.434","3.754","3.713","6.336","2.196","50.061","3.046","3.484","2.985","3.168","9.683","2.91","3.075","3.434","4.709","4.169","7.561","2.847","6.091","3.693","1.642","4.79","4.594","2.662","3.11","2.716","2.132","1.856","2.6","6.489","37.061","73.075","3.827","16.331","5.331","5.898","4.992","8.588","6.999","6.242","5.053","11.106","8.814","9.575","6.96","6.601","88.282","2.965","41.239","2.5","23.499","7.059","29.431","2.858","18.786","2.176","41.444","0.837","56.698","6.25","56.085","0.847","29.895","6.074","30.569","2.15"
"55","1.931","3.018","2.34","4.96","2.965","4.229","2.145","2.768","2.482","1.732","2.248","1.229","1.463","3.819","2.854","1.259","181.459","0.894","2.806","4.843","4.1","1.297","3.049","0.62","0.745","27.434","2.035","3.732","6.1","2.079","1.901","2.219","1.048","2.458","1.694","1.503","52.598","1.692","1.016","4.873","4.666","151.485","3.364","6.214","4.701","4.287","85.73","2.275","4.499","2.494","48.697","0.406","0.748","3.138","4.755","80.194","15.1","2.216","19.38","1.72","15.173","2.27","11.767","1.113","15.782","0.62","8.1","0.944","21.094","0.553","3.238","0.505","11.265","1.268","2.158","0.426"
"56","4.37","7.376","4.881","4.807","2.529","4.78","2.596","3.82","3.358","2.209","3.809","1.909","1.767","3.5","5.079","37.478","4.38","3.241","1.722","9.182","6.545","6.881","3.694","5.063","5.661","2.454","3.675","5.641","13.263","3.594","3.21","2.364","3.836","4.599","2.351","2.623","3.265","1.53","2.006","4.843","10.972","16.172","7.663","7.367","6.836","7.775","11.6","5.779","9.597","4.488","7.8","7.2","6.999","13.684","6.517","5.416","39.487","3.783","2.134","2.199","2.241","0.995","1.709","2.073","1.829","1.376","1.255","0.747","1.61","1.17","1.308","2.124","1.539","1.99","2.171","0.766"
"57","8.546","3.156","2.081","19.031","2.29","8.184","4.187","5.913","18.963","2.07","12.895","3.023","2.401","7.603","16.034","3.464","2.293","1.903","2.901","5.773","8.924","3.078","3.678","4.266","3.466","2.788","2.85","1.4","12.203","5.471","4.182","2.085","4.14","2.568","4.62","4.038","2.705","5.362","2.558","10.606","11.325","23.465","8.605","18.17","7.983","9.52","10.799","9.451","9.871","10.146","13.441","9.002","14.712","6.8","11.597","10.145","75.296","4.702","57.385","1.923","26.043","1.081","22.441","0.982","16.277","0.728","31.288","8.212","51.967","2.191","57.949","0.764","38.58","1.164","29.767","1.791"
"58","3.453","2.651","2.212","18.041","6.515","3.982","4.081","2.531","3.036","3.188","5.842","4.832","1.974","3.475","4.009","5.132","1.908","2.379","1.724","4.414","5.135","4.399","1.019","3.188","5.876","2.146","2.204","3.051","8.548","3.438","2.461","1.407","1.365","1.977","2.896","1.676","2.624","2.795","1.839","10.952","12.735","12.028","7.298","10.315","4.726","5.892","6.319","4.43","4.007","6.416","5.296","5.099","5.749","10.764","7.574","3.545","65.028","5.279","49.529","2.149","20.774","1.92","13.446","1.471","6.958","4.72","20.001","0.973","1.096","1.693","1.474","1.649","1.864","0.903","16.498","1.66"
"59","3.879","5.241","4.595","5.145","14.676","10.307","4.191","3.931","4.955","2.11","4.748","2.967","2.321","5.977","4.765","6.137","8.404","2.659","2.902","4.546","8.345","3.065","2.906","5.216","3.57","7.555","2.714","3.437","8.024","4.665","3.664","4.915","4.335","3.422","3.743","3.026","2.908","2.686","4.277","4.316","13.791","14.33","7.544","12.414","18.873","5.076","11.854","5.74","15.926","13.529","6.658","5.464","63.823","9.014","9.896","9.328","35.543","3.393","23.318","2.884","28.249","2.314","18.076","2.434","24.62","2.918","36.401","2.515","29.224","3.549","142.157","1.933","16.195","1.867","23.535","2.879"
"60","3.005","42.147","1.528","6.334","1.415","20.937","1.742","4.146","16.564","2.093","4.652","3.727","1.291","5.314","3.852","1.453","2.307","4.725","2.28","4.244","45.289","3.998","1.008","4.042","1.154","0.644","1.567","1.817","8.381","1.587","2.129","26.188","2.205","8.686","2.341","42.832","21.299","1.391","1.103","5.792","14.84","101.927","4.289","0.485","0.351","0.58","0.648","0.495","0.632","22.708","1.046","0.389","0.735","0.823","7.902","1.079","134.928","5.721","17.23","2.42","4.946","2.011","10.041","1.188","28.234","0.829","5.956","0.71","19.786","0.705","55.816","2.735","54.39","8.459","10.989","2.263"
"61","2.804","2.794","2.63","3.369","4.057","2.433","2.244","2.454","2.272","1.753","5.814","3.563","2.563","4.005","2.046","4.311","2.404","3.491","1.571","3.783","5.514","3.472","2.63","4.194","3.675","2.496","3.528","2.635","5.63","2.566","1.871","1.921","1.602","1.836","3.176","2.611","1.984","1.634","1.351","3.588","95.502","22.4","4.501","4.256","6.204","6.229","5.21","4.681","6.575","5.068","4.741","6.508","136.476","8.796","2.38","3.62","25.678","4.695","45.643","1.79","14.478","1.105","9.484","1.286","12.726","2.382","154.051","0.736","1.439","0.748","26.776","0.699","17.678","0.641","27.174","0.544"
"62","6.454","4.727","4.213","11.622","3.659","4.713","3.15","3.544","3.102","3.597","5.166","2.092","2.639","2.892","4.057","4.946","2.81","3.665","2.331","6.049","5.991","3.795","4.198","4.159","5.262","2.595","3.224","3.5","12.721","8.608","2.978","2.786","4.688","3.995","3.689","4.519","3.768","2.943","2.4","8.594","5.183","10.899","9.835","13.823","5.561","5.062","8.302","5.164","6.385","7.802","6.334","3.807","8.139","6.395","5.034","6.723","16.616","4.586","10.108","5.219","35.994","3.713","21.769","2.376","19.05","2.52","21.18","0.986","26.406","1.121","25.568","1.2","21.796","0.653","21.855","3.762"
"63","4.779","3.512","2.353","7.66","1.792","5.82","3.986","2.485","4.718","1.785","3.396","1.933","1.984","5.734","3.288","5.118","3.225","2.913","1.794","3.443","5.659","3.134","4.214","4.318","5.133","2.654","18.276","2.109","8.752","16.269","3.64","3.195","3.701","10.591","1.604","4.933","2.048","1.598","1.603","10.201","5.737","16.109","6.259","7.425","5.685","8.091","7.299","5.486","15.593","5.204","12.703","2.818","7.389","0.248","5.926","6.726","111.633","5.371","39.257","2.531","65.816","0.98","18.254","1.498","84.651","1.47","23.993","0.496","13.842","6.245","66.66","0.842","35.855","1.394","15.459","2.665"
"64","1.786","1.586","0.879","3.512","1.49","2.671","1.307","2.847","2.046","1.742","8.731","1.684","10.227","2.614","2.106","1.568","1.65","1.927","1.262","3.772","3.559","2.124","2.744","2.609","2.966","1.794","4.453","2.366","3.721","2.436","2.109","1.665","2.403","1.672","1.488","1.908","1.227","1.641","1.293","4.365","1.96","5.779","2.874","3.131","3.015","2.454","4.032","2.626","4.233","10.341","3.943","12.845","3.842","8.478","2.187","3.116","9.764","2.51","24.637","2.124","50.156","1.575","8.203","1.889","6.007","2.213","21.011","1.43","13.602","14.935","8.481","0.857","8.308","1.543","14.989","0.567"
"65","4.377","3.318","2.48","25.119","3.045","25.887","2.701","3.246","31.589","40.111","4.443","2.068","3.011","4.292","2.233","22.55","2.829","11.481","1.927","4.6","54.201","11.34","12.448","13.165","6.391","8.169","2.822","15.344","4.679","12.331","3.365","2.381","3.077","3.736","2.235","2.783","3.186","2.376","2.772","11.13","5.792","8.085","8.228","5.592","6.531","5.454","9.867","5.611","6.354","6.946","5.722","5.088","7.67","5.087","5.683","5.329","23.478","3.314","15.34","1.133","20.38","2.742","24.283","1.166","40.428","1.748","9.547","1.003","22.167","2.619","22.184","0.975","13.567","1.298","51.018","0.841"
"66","4.891","5.36","6.083","20.696","3.969","9.791","4.096","10.241","4.381","3.105","5.262","3.473","2.78","5.097","4.084","20.001","2.738","3.44","3.716","5.055","17.333","5.701","5.93","5.075","6.826","3.849","7.464","3.459","5.213","3.319","2.939","2.93","3.293","3.913","6.469","3.133","4.023","3.069","3.277","5.011","10.006","24.648","7.518","8.718","5.53","8.644","14.615","8.532","12.903","6.022","11.08","10.696","7.194","9.148","8.628","7.361","99.601","4.773","33.987","0.956","5.998","1.763","42.55","1.231","3.246","1.655","17.033","3.123","25.624","1.524","22.764","1.46","43.576","1.923","20.669","1.163"
"67","174.622","10.143","7.491","2.398","1.033","2.901","0.914","0.938","1.175","1.168","9.648","1.119","1.194","6.604","1.394","1.028","1.115","0.955","1.868","6.955","4.816","4.401","0.773","16.057","0.781","0.968","10.884","7.825","2.424","1.94","0.881","0.942","1.369","0.885","0.873","1.897","0.726","0.75","1.088","15.23","82.549","5.191","10.313","6.067","14.4","3.243","5.253","3.7","1.536","1.354","2.456","1.619","2.078","1.459","1.847","4.338","4.288","2.135","30.186","1.45","12.588","25.021","27.352","2.051","9.626","2.058","12.851","1.717","16.853","1.412","3.7","5.819","10.609","1.383","6.276","0.596"
"68","4.115","3.645","15.201","4.695","2.357","2.942","2.265","2.445","9.137","4.706","3.37","3.001","3.643","4.365","4.717","9.226","8.028","2.17","3.399","7.327","5.691","3.605","3.101","5.569","6.419","3.314","3.286","5.487","7.909","8.503","7.967","4.102","17.686","3.768","8.221","4.708","4.087","6.228","2.347","7.252","11.58","10.562","1.681","9.995","6.564","0.677","10.575","17.518","12.886","14.106","6.545","23.056","16.809","12.8","9.997","4.115","31.511","12.964","24.233","3.141","1.406","6.018","0.942","0.803","0.627","1.504","0.621","0.728","0.868","1.375","4.005","0.902","1.063","1.881","0.783","2.301"
"69","12.751","5.35","37.756","15.859","4.215","6.676","7.094","3.603","6.211","3.117","5.014","1.768","2.287","5.637","3.07","4.851","6.318","4.581","2.977","5.805","11.486","4.072","5.514","5.003","5.775","3.338","4.377","5.133","1.73","6.934","2.717","1.452","2.99","3.984","5.714","2.725","2.203","3.331","1.4","5.034","12.16","25.986","1.533","8.516","11.515","6.653","9.277","10.027","13.191","6.87","1.523","4.447","1.056","8.401","10.035","7.616","1.736","9.058","20.287","2.932","38.751","6.888","19.632","4.051","4.259","3.593","1.678","1.476","1.861","2.885","19.085","3.692","1.613","3.2","1.287","2.156"
"70","12.96","5.358","4.861","18.225","7.905","9.505","3.153","5.904","6.474","2.922","6.904","2.359","2.055","10.637","3.465","13.682","2.813","3.413","2.854","5.001","24.096","6.812","9.851","4.253","4.985","3.5","3.499","3.151","13.265","5.027","2.424","2.297","6.127","2.566","3.62","2.729","2.509","4.347","3.231","9.388","9.867","23.691","5.48","8.234","11.241","5.457","9.328","6.268","6.818","4.968","8.047","5.387","7.379","6.621","10.59","6.866","43.006","3.014","33.941","9.972","19.437","2.338","15.923","2.67","44.13","2.321","27.978","2.012","29.66","3.142","23.483","2.668","28.585","3.222","27.89","5.507"
"71","39.177","2.093","1.3","4.357","1.82","4.889","2.994","3.813","2.495","9.287","3.159","2.228","2.64","3.646","38.062","4.191","33.333","2.439","2.031","4.576","4.841","4.165","4.12","3.001","2.63","2.818","2.035","2.138","4.772","4.27","1.77","1.693","3.271","4.562","1.328","1.045","1.153","1.176","1.774","1.837","4.82","5.605","11.562","9.832","5.192","10.611","174.438","2.271","0.61","0.934","16.401","0.976","0.756","0.846","1.197","3.346","74.82","2.224","15.87","1.337","45.234","2.828","56.856","0.719","14.648","0.561","78.015","1.623","45.641","1.47","20.437","1.3","113.993","2.015","61.447","0.777"
"72","9.24","6.55","4.676","14.456","6.018","6.939","3.414","4.865","7.063","4.131","7.142","4.404","4.488","8.746","8.778","12.57","5.341","7.296","4.513","6.608","11.663","5.281","6.018","6.856","8.435","5.256","6.159","5.957","7.166","4.471","6.868","5.628","4.389","4.832","5.624","5.566","5.825","6.074","2.562","34.344","6.514","26.648","10.23","13.946","10.213","7.009","15.585","9.336","9.344","8.124","8.274","10.125","13.023","13.069","9.395","15.028","103.253","6.594","43.018","3.332","29.863","2.373","20.78","3.16","48.453","2.255","32.109","2.136","26.906","2.697","41.689","4.529","24.947","3.655","25.013","2.143"
"73","11.832","4.307","10.701","19.925","3.077","10.467","3.088","4.78","4.633","2.669","3.6","2.848","2.301","10.205","5.629","6.522","2.954","3.78","2.643","8.196","11.032","14.226","3.511","4.638","3.911","3.114","8.227","3.254","13.717","5.254","11.703","2.768","21.9","7.349","5.936","4.964","3.143","2.626","9.235","17.602","6.5","11.942","7.982","7.245","11.635","4.766","23.812","6.973","7.642","5.226","41.782","5.224","16.779","10.409","5.477","7.486","48.242","6.673","53.456","2.497","30.724","4.495","24.293","2.015","18.688","2.359","51.444","2.858","31.416","2.501","42.841","4.166","22.475","1.379","24.542","3.597"
"74","8.648","3.267","3.276","5.767","2.866","7.501","3.246","6.854","6.422","2.884","5.675","1.581","2.541","7.117","4.774","5.666","4.41","3.835","2.293","6.209","12.361","2.17","5.371","9.669","4.802","4.422","4.215","4.809","2.242","3.459","5.897","3.573","3.134","4.966","2.853","4.701","2.44","9.227","2.59","8.101","10.426","20.73","8.019","8.461","7.627","4.945","7.661","6.539","15.158","8.346","11.047","4.263","9.416","22.337","7.175","11.645","58.898","3.053","17.819","2.648","31.579","3.88","16.495","3.782","24.006","2.122","41.361","1.757","52.227","2.421","37.356","1.3","22.467","1.986","30.124","3.683"
"75","3.76","4.644","11.06","8.678","2.078","4.694","2.989","18.775","5.206","1.758","1.292","1.596","2.393","3.581","12.806","2.105","2.163","1.386","1.811","5.8","6.485","5.218","3.055","1.1","2.377","2.086","4.542","3.072","2.903","2.124","2.934","1.908","1.756","1.859","1.168","1.225","1.931","8.842","2.595","10.862","4.046","8.463","6.42","6.985","9.902","5.498","8.991","6.043","6.212","3.707","9.912","5.287","9.994","6.901","4.876","4.613","97.775","4.23","25.747","2.176","84.64","1.951","28.85","1.769","151.615","1.836","14.726","1.78","29.599","1.539","22.871","1.155","19.604","0.818","17.521","1.725"
"76","7.376","6.114","4.418","45.507","6.227","5.859","5.255","6.039","5.038","8.202","12.75","4.931","7.254","22.608","7.466","8.966","5.835","4.046","5.654","7.931","7.567","9.071","4.14","4.566","3.838","3.846","4.884","6.86","7.861","7.704","3.636","4.429","10.917","5.21","3.397","3.935","3.725","4.028","4.455","11.91","9.45","18.071","9.458","21.49","9.731","9.567","14.489","9.625","8.531","9.405","14.44","6.236","9.581","22.817","11.572","11.805","49.908","7.224","13.633","5.629","34.233","5.218","25.355","2.713","22.133","1.404","37.26","1.536","29.761","1.658","47.247","1.57","21.297","2.232","36.874","3.296"
"77","2.737","5.068","4.058","6.142","9.359","6.18","4.563","5.648","4.601","3.684","4.567","2.492","3.599","3.329","2.642","9.73","4.403","49.956","4.072","6.791","6.087","4.219","31.966","3.551","3.763","3.072","4.001","3.832","15.106","5.1","11.255","2.973","4.413","3.731","3.032","2.845","3.6","11.411","3.443","1.706","27.365","11.367","7.619","9.807","4.738","2.601","9.666","39.367","7.015","4.254","6.929","4.031","7.124","1.689","26.157","8.411","20.25","3.896","1.674","3.304","1.444","2.601","388.714","33.114","7.006","3.912","36.072","2.053","1.532","1.323","1.383","1.062","32.096","2.209","1.383","0.966"
"78","5.356","12.075","4.712","16.258","9.606","5.486","4.934","5.276","11.41","7.134","8.608","3.857","3.612","10.591","34.405","6.317","14.62","7.445","3.8","6.61","12.153","8.395","12.053","6.285","6.772","3.283","4.517","14.543","9.276","6.718","3.032","4.075","3.605","3.009","3.295","4.9","6.809","3.603","3.291","9.736","9.778","7.99","7.939","16.337","50.76","5.854","21.007","17.389","10.709","8.523","14.943","8.913","19.713","20.995","7.208","21.378","4.591","3.02","6.988","2.005","4.968","15.818","3.654","2.046","4.258","10.504","7.117","1.601","17.416","1.616","3.963","1.307","22.206","0.859","3.707","1.396"
"79","7.718","15.452","8.388","6.606","8.441","4.117","5.605","4.578","6.474","7.497","11.321","4.97","7.101","8.289","3.721","8.268","5.159","5.475","2.844","4.143","12.986","5.828","6.593","8.481","6.867","4.056","8.292","7.679","4.193","9.903","7.798","2.801","7.051","6.582","3.095","5.641","13.394","4.669","5.13","2.248","9.859","7.696","8.733","22.552","12.593","5.218","10.474","12.155","7.165","14.953","21.342","58.763","6.233","7.042","5.659","13.821","53.995","3.353","2.144","2.631","5.615","1.875","3.927","1.451","27.952","2.216","27.193","0.754","39.237","0.831","39.192","0.846","28.85","1.571","45.144","1.131"
"80","14.962","5.243","16.139","29.814","3.01","11.422","2.875","25.004","6.253","1.912","8.815","3.511","2.72","9.433","3.98","6.442","5.896","2.212","3.123","1.621","4.387","8.112","4.628","3.918","5.827","2.711","6.709","3.503","2.11","17.183","2.321","2.341","2.821","3.1","2.396","2.191","4.38","1.975","1.99","2.884","11.082","15.299","7.947","10.093","8.386","8.049","31.414","5.975","7.554","6.344","10.291","4.938","30.366","35.222","11.551","5.19","42.464","4.884","34.16","2.273","37.697","2.493","29.327","1.635","19.945","1.924","19.116","1.414","61.771","0.602","31.479","1.988","23.024","1.34","28.447","3.43"
"81","2.238","1.424","0.658","6.559","3.292","3.764","1.969","5.103","414.312","1.912","2.847","1.194","2.594","1.74","2.799","2.163","36.437","1.057","1.03","3.41","3.593","0.693","1.313","0.793","3.625","2.042","0.637","0.949","2.72","1.703","1.703","0.6","1.056","0.738","0.589","0.632","0.579","0.612","0.487","7.031","25.465","75.158","5.113","10.089","57.051","4.786","5.562","5.14","22.964","7.175","1.313","4.116","5.704","5.597","5.817","10.749","44.436","2.895","35.948","0.949","34.218","0.882","19.095","0.574","57.027","0.72","36.173","0.428","28.707","0.82","34.639","0.516","18.099","0.75","77.733","1.412"
"82","5.167","7.605","4.498","16.248","4.306","11.997","3.465","3.926","5.742","3.389","5.733","3.8","2.673","6.759","8.1","11.52","3.794","3.844","3.288","7.15","6.835","7.634","4.499","17.488","7.024","3.794","5.804","7.189","7.172","3.132","3.846","4.179","5.698","2.922","3.251","16.227","10.696","2.586","8.663","13.944","5.243","12.836","10.025","12.955","4.632","9.046","8.716","9.297","7.364","6.454","5.156","10.191","12.166","10.864","9.073","5.967","34.704","5.564","28.022","3.165","27.919","1.992","16.688","2.146","24.671","1.468","19.486","1.677","16.211","2.573","15.789","2.264","13.944","3.001","18.811","2.219"
"83","3.936","3.782","2.578","4.078","2.129","3.427","3.112","3.872","2.806","1.941","6.937","7.732","2.258","4.703","2.137","2.649","2.55","3.859","1.852","4.453","9.221","3.35","3.734","5.557","6.776","2.853","2.709","3.303","18.686","4.148","2.559","2.201","2.526","2.809","2.457","6.763","2.979","2.335","2.162","7.417","7.007","45.82","7.959","11.874","6.352","5.921","27.173","4.226","12.521","5.902","13.122","7.312","14.686","4.946","6.202","10.08","54.622","3.263","26.087","1.218","38.085","2.845","37.856","1.58","21.778","3.394","23.562","1.251","21.916","1.168","55.518","1.508","52.232","1.153","45.662","0.832"
"84","8.561","10.244","7.658","8.838","4.278","18.549","3.205","4.259","26.084","6.935","18.516","4.005","4.354","12.461","4.536","6.848","5.117","10.656","4.746","2.806","23.415","5.336","8.874","4.746","5.258","13.755","8.937","5.022","10.857","7.591","3.912","2.621","6.494","3.126","3.09","4.714","5.432","6.133","10.164","14.594","11.698","18.772","11.727","16.198","7.445","8.801","8.644","5.58","11.323","8.17","9.829","9.048","9.118","6.713","7.495","7.693","32.14","5.658","43.496","10.669","46.075","2.307","23.314","2.881","42.846","2.251","26.836","2.079","46.434","2.532","47.57","4.727","24.137","4.139","26.469","1.755"
"85","6.708","7.11","44.49","48.34","5.385","4.046","3.843","5.051","38.63","4.839","25.977","2.947","2.902","3.555","4.399","10.646","7.592","3.626","25.295","9.278","16.512","22.546","5.862","4.231","12.997","5.096","6.146","42.019","9.418","20.841","4.679","2.607","3.573","7.948","3.717","3.283","3.921","1.308","2.117","17.279","8.678","4.457","12.562","16.853","4.92","6.492","24.031","5.178","8.355","12.046","5.64","2.977","3.286","3.406","5.218","6.17","25.335","7.783","2.118","1.959","1.775","2.148","1.502","1.136","30.171","4.51","21.42","1.097","37.733","1.794","39.938","0.988","0.239","1.87","31.284","1.191"
"86","4.478","11.32","2.6","4.702","2.536","3.599","50.458","4.436","12.521","3.355","397.476","2.232","0.915","2.917","2.74","5.336","3.53","118.938","1.69","19.785","6.699","2.409","3.703","4.033","2.512","1.842","32.172","2.495","1.973","2.062","1.258","1.092","1.486","1.395","1.359","1.505","1.762","1.526","8.847","8.242","3.45","7.1","36.498","1.278","4.429","3.135","7.176","13.648","17.137","1.45","8.49","315.012","1.77","1.389","53.085","3.595","18.357","1.787","34.956","1.583","17.302","1.37","17.639","1.213","33.155","1.489","8.667","2.342","14.766","1.696","11.897","1.378","11.143","2.085","10.371","1.817"
"87","61.864","3.264","3.759","12.443","7.537","6.504","27.715","3.389","91.302","47.262","4.368","41.688","1.939","3.224","17.272","3.471","18.728","3.056","2.606","2.306","4.377","1.783","2.047","3.348","3.646","2.574","3.607","2.569","4.948","4.438","4.498","2.266","2.939","2.217","1.643","2.772","44.806","3.956","3.847","21.489","34.239","26.341","8.53","77.889","38.103","68.854","98.567","114.66","7.57","5.067","107.369","78.448","38.02","17.717","31.527","3.059","214.928","4.016","80.954","1.496","24.481","2.339","56.876","1.41","63.13","0.842","3.841","2.32","13.207","0.901","25.818","2.389","10.954","0.89","16.496","1.794"
"88","2.196","1.77","8.438","4.879","1.616","3.009","2.85","0.967","0.706","0.752","8.277","1.221","1.535","1.746","17.551","0.918","1.603","0.899","0.875","1.496","3.557","7.827","0.695","2.098","0.492","0.475","0.448","0.611","2.564","1.827","1.373","2.027","3.231","1.956","1.546","1.453","2.118","1.117","1.938","1.446","3.419","8.566","1.936","4.964","4.769","3.425","12.613","0.995","0.821","1.667","5.869","1.503","7.852","6.414","3.691","2.787","20.477","2.333","14.939","1.691","15.631","1.575","2.823","1.44","10.395","0.538","5.629","0.922","1.41","0.479","0.766","0.714","0.623","0.417","11.434","0.776"
"89","1.815","1.34","2.612","2.019","1.59","4.004","1.436","2.744","2.462","2.742","2.03","1.626","1.159","2.703","3.002","1.806","1.886","2.436","2.034","2.491","6.203","3.925","5.58","2.753","3.704","1.978","2.801","3.899","4.773","1.746","2.218","1.687","2.501","1.619","0.99","53.671","0.854","1.902","1.154","2.537","3.401","6.778","3.334","6.343","33.674","4.156","6.542","5.094","7.251","3.459","4.514","3.756","4.233","5.139","3.895","2.519","64.434","1.804","18.294","3.195","16.357","0.562","10.832","1.804","7.793","1.504","2.896","1.923","7.857","1.679","10.998","0.682","5.968","0.459","34.463","0.051"
"90","6.945","4.356","2.745","7.152","5.393","6.186","4.012","6.954","5.54","4.294","5.03","4.462","2.934","15.349","2.861","6.389","3.551","3.891","3.054","4.639","12.897","4.481","6.138","3.419","3.93","3.267","6.2","5.155","28.263","3.094","2.552","2.443","2.826","2.583","2.357","4.66","58.109","4.054","2.839","16.671","327.631","51.594","8.062","157.867","7.709","7.351","9.952","8.407","9.492","16.359","9.862","8.316","5.798","9.675","6.801","18.871","35.673","3.844","38.324","2.058","55.7","1.208","23.007","1.216","25.024","1.538","59.715","1.352","37.093","1.222","26.433","1.766","23.988","1.419","38.668","1.063"
"91","6.045","3.901","3.862","6.594","3.759","6.077","4.322","4.159","4.6","5.417","4.458","3.266","2.964","4.221","3.16","5.225","2.561","4.292","2.154","5.842","7.344","3.823","7.2","3.224","6.089","2.328","3.385","2.384","17.331","4.433","2.982","1.816","3.535","3.318","2.184","3.929","2.286","2.18","6.481","8.286","7.19","10.893","5.766","4.925","6.598","6.615","9.624","8.606","5.345","4.25","6.491","5.21","6.863","19.971","4.829","3.906","17.507","3.452","21.612","3.788","39.381","3.761","11.767","2.565","22.957","3.238","21.7","2.506","24.498","2.56","15.471","2.546","21.018","2.681","23.645","2.308"
"92","4.089","2.146","2.587","4.58","4.095","2.781","1.983","5.382","2.328","2.222","5.021","1.942","2.212","4.235","5.007","28.707","2.258","2.864","2.103","4.12","2.883","9.53","1.414","3.455","3.246","1.856","2.34","2.333","3.763","3.16","1.288","2.449","2.126","7.849","1.376","81.94","2.197","1.54","1.826","2.129","2.399","1400.964","1.695","0.967","2.981","2.526","7.702","5.619","7.378","5.751","1.906","2.76","2.702","1.453","4.593","6.005","6.703","2.934","19.926","2.611","15.145","1.256","11.802","0.825","9.631","1.001","9.932","1.243","7.654","0.598","11.319","0.595","12.804","0.627","3.28","0.699"
"93","4.634","3.258","9.042","5.052","4.467","7.928","3.222","4.248","4.342","9.084","3.512","2.793","1.053","5.455","3.55","1.366","5.871","2.491","3.457","3.627","9.329","4.424","4.459","3.671","4.756","2.294","4.437","4.326","19.21","4.54","4.757","4.439","5.451","3.047","2.793","6.519","4.604","3.595","3.962","5.201","4.994","9.047","9.586","8.223","6.059","6.59","14.36","16.372","7.473","6.255","10.179","4.982","7.699","6.681","5.989","6.343","17","11.826","28.518","3.448","8.458","2.108","29.499","3.563","17.189","1.45","21.541","1.102","25.534","11.973","28.067","1.669","26.66","1.464","23.098","3.387"
"94","9.979","10.109","19.281","8.115","3.838","6.262","4.479","3.513","46.825","7.117","14.834","4.581","7.789","8.513","91.219","6.238","4.915","5.162","4.306","3.938","6.207","6.129","4.835","339.324","15.571","18.101","9.17","37.86","9.298","8.759","3.901","12.656","7.255","8.132","4.082","6.13","13.122","4.312","5.576","3.173","7.9","14.203","10.391","15.785","8.127","6.029","16.233","6.607","9.753","8.517","21.573","16.945","11.134","89.577","9.305","824.809","60.938","6.14","27.492","3.227","50.518","3.12","26.339","2.371","28.528","2.256","26.114","5.442","58.093","3.043","23.697","5.546","61.814","2.329","30.132","2.319"
